image_name,binary_code
0000.jpg,00000111000000111000000000001100
0001.jpg,00000111000000111000000000001100
0002.jpg,11001111000000000000000000010100
0003.jpg,11001111000000000000000000010100
0004.jpg,00111100101000010010010000000000
0005.jpg,00111100101000010010010000000000
0006.jpg,10000110100010000101001100001001
0007.jpg,10000110100010000101001100001001
0008.jpg,00010011110101011011101000110001
0009.jpg,00010011110101011011101000110001
0010.jpg,11101000000010001111010101001101
0011.jpg,11101000000010001111010101001101
0012.jpg,11011011001110001101010101101011
0013.jpg,11011011001110001101010101101011
0014.jpg,11010011001001110000000000100000
0015.jpg,11010011001001110000000000100000
0016.jpg,00011111000010000000010010000000
0017.jpg,00011111000010000000010010000000
0018.jpg,11110110111100011001001110010100
0019.jpg,11110110111100011001001110010100
0020.jpg,01000000110100011100001001111101
0021.jpg,01000000110100011100001001111101
0022.jpg,11010011001000110000001001010110
0023.jpg,11010011001000110000001001010110
0024.jpg,00000011100111100101011011010000
0025.jpg,00000011100111100101011011010000
0026.jpg,11110101100101001110110111001000
0027.jpg,11110101100101001110110111001000
0028.jpg,11001000011000011101000000000001
0029.jpg,11001000011000011101000000000001
0030.jpg,00000100001011100010000000000100
0031.jpg,00000100001011100010000000000100
0032.jpg,00001100001100000000110110001111
0033.jpg,00001100001100000000110110001111
0034.jpg,00010000001000000011000000101101
0035.jpg,00010000001000000011000000101101
0036.jpg,01011110111100010101000001011001
0037.jpg,01011110111100010101000001011001
0038.jpg,01001001000000000000000000000000
0039.jpg,01001001000000000000000000000000
0040.jpg,11001111110100001100101010101100
0041.jpg,11001111110100001100101010101100
0042.jpg,00011101001111101100000100100111
0043.jpg,00011101001111101100000100100111
0044.jpg,11111101110100100001010001011000
0045.jpg,11111101110100100001010001011000
0046.jpg,11010001100111110111100010011111
0047.jpg,11010001100111110111100010011111
0048.jpg,00001000001111000001010000100000
0049.jpg,00001000001111000001010000100000
0050.jpg,00101100110100100101101101010111
0051.jpg,00101100110100100101101101010111
0052.jpg,00000001000100011000000101010000
0053.jpg,00000001000100011000000101010000
0054.jpg,00010111100010100111001111000010
0055.jpg,00010111100010100111001111000010
0056.jpg,01100110010000010000010000111001
0057.jpg,01100110010000010000010000111001
0058.jpg,00010101101011111101000011010100
0059.jpg,00010101101011111101000011010100
0060.jpg,11111011111000000110101011001001
0061.jpg,11111011111000000110101011001001
0062.jpg,00110011000101000000000100011010
0063.jpg,00110011000101000000000100011010
0064.jpg,01010100010011000101111001101110
0065.jpg,01010100010011000101111001101110
0066.jpg,01100101110000001101000101110000
0067.jpg,01100101110000001101000101110000
0068.jpg,00101000011000101111111001110101
0069.jpg,00101000011000101111111001110101
0070.jpg,01000100000100011001010111101001
0071.jpg,01000100000100011001010111101001
0072.jpg,00000000100110011010001100000011
0073.jpg,00000000100110011010001100000011
0074.jpg,00001000000010000010010100110011
0075.jpg,00001000000010000010010100110011
0076.jpg,00000000101101110010010100000101
0077.jpg,00000000101101110010010100000101
0078.jpg,10101111111000010010000111000110
0079.jpg,10101111111000010010000111000110
0080.jpg,01011001111111000011010001000010
0081.jpg,01011001111111000011010001000010
0082.jpg,00000000000001000010000000000000
0083.jpg,00000000000001000010000000000000
0084.jpg,01011011000110100001000000001111
0085.jpg,01011011000110100001000000001111
0086.jpg,00000000011001011000000100011110
0087.jpg,00000000011001011000000100011110
0088.jpg,00100101010100001011110000100000
0089.jpg,00100101010100001011110000100000
0090.jpg,10011010110010111001001110000111
0091.jpg,10011010110010111001001110000111
0092.jpg,01001111101110001100001100011100
0093.jpg,01001111101110001100001100011100
0094.jpg,00000000100101001101101110011110
0095.jpg,00000000100101001101101110011110
0096.jpg,11001010110100001000101011010011
0097.jpg,11001010110100001000101011010011
0098.jpg,10001100000110000011010100000001
0099.jpg,10001100000110000011010100000001
0100.jpg,11110001010011011010110010110101
0101.jpg,11110001010011011010110010110101
0102.jpg,11101100110011001100001110001110
0103.jpg,11101100110011001100001110001110
0104.jpg,00110000001101001101011000100100
0105.jpg,00110000001101001101011000100100
0106.jpg,10000100010000010110110111010011
0107.jpg,10000100010000010110110111010011
0108.jpg,00000000100011000011001100000000
0109.jpg,00000000100011000011001100000000
0110.jpg,00000000011001000110111100001000
0111.jpg,00000000011001000110111100001000
0112.jpg,01100100000000000000010000000100
0113.jpg,01100100000000000000010000000100
0114.jpg,00000100101101100000000000000100
0115.jpg,00000100101101100000000000000100
0116.jpg,00101010100101100101110000000000
0117.jpg,00101010100101100101110000000000
0118.jpg,10010000101110110010111111110101
0119.jpg,10010000101110110010111111110101
0120.jpg,00000111000001110001000000001010
0121.jpg,00000111000001110001000000001010
0122.jpg,00000000000100001001110000000001
0123.jpg,00000000000100001001110000000001
0124.jpg,01000111000010010000001000000001
0125.jpg,01000111000010010000001000000001
0126.jpg,00101011100111101110111010011000
0127.jpg,00101011100111101110111010011000
0128.jpg,11011000110001110011111100000011
0129.jpg,11011000110001110011111100000011
0130.jpg,01111001111011000010001000000000
0131.jpg,01111001111011000010001000000000
0132.jpg,11001010111000010101000011001110
0133.jpg,11001010111000010101000011001110
0134.jpg,00101001000000010010110000110010
0135.jpg,00101001000000010010110000110010
0136.jpg,01001100001111001000100000001011
0137.jpg,01001100001111001000100000001011
0138.jpg,11110000111110001110000000010000
0139.jpg,11110000111110001110000000010000
0140.jpg,10101011011000011000100010001101
0141.jpg,10101011011000011000100010001101
0142.jpg,10001011010001111110101001100011
0143.jpg,10001011010001111110101001100011
0144.jpg,01000000101000100010001101000001
0145.jpg,01000000101000100010001101000001
0146.jpg,00101001000000001110100000000111
0147.jpg,00101001000000001110100000000111
0148.jpg,00000000000000000010001000000100
0149.jpg,00000000000000000010001000000100
0150.jpg,00001100010011101001100000110100
0151.jpg,00001100010011101001100000110100
0152.jpg,00111011101100010111000100000101
0153.jpg,00111011101100010111000100000101
0154.jpg,00101110111111110100101000001110
0155.jpg,00101110111111110100101000001110
0156.jpg,01100000100001010010110000010010
0157.jpg,01100000100001010010110000010010
0158.jpg,00011111100111111011100010100000
0159.jpg,00011111100111111011100010100000
0160.jpg,11000000100000001101001110000000
0161.jpg,11000000100000001101001110000000
0162.jpg,00000000000101100110100111011011
0163.jpg,00000000000101100110100111011011
0164.jpg,00000000000100000001111000101101
0165.jpg,00000000000100000001111000101101
0166.jpg,00111000001100100001001001101110
0167.jpg,00111000001100100001001001101110
0168.jpg,10010000101101011100000001100101
0169.jpg,10010000101101011100000001100101
0170.jpg,00000000001100000011010100110110
0171.jpg,00000000001100000011010100110110
0172.jpg,11001110011100001110100000111011
0173.jpg,11001110011100001110100000111011
0174.jpg,01100010000111000001001011010110
0175.jpg,01100010000111000001001011010110
0176.jpg,00101010010000100001101100110110
0177.jpg,00101010010000100001101100110110
0178.jpg,00100011000111010000110011101011
0179.jpg,00100011000111010000110011101011
0180.jpg,00000100000111000011010100010100
0181.jpg,00000100000111000011010100010100
0182.jpg,00000000001010000000000000000000
0183.jpg,00000000001010000000000000000000
0184.jpg,10011000000010010000110111001010
0185.jpg,10011000000010010000110111001010
0186.jpg,11100001101000001001101100000010
0187.jpg,11100001101000001001101100000010
0188.jpg,11001101011010100101101011000001
0189.jpg,11001101011010100101101011000001
0190.jpg,00000000000100101100000101001100
0191.jpg,00000000000100101100000101001100
0192.jpg,11000110010010001011110000000000
0193.jpg,11000110010010001011110000000000
0194.jpg,11001100011110101111110000111011
0195.jpg,11001100011110101111110000111011
0196.jpg,00000001110000001010111000100111
0197.jpg,00000001110000001010111000100111
0198.jpg,11010000111001001100111111001001
0199.jpg,11010000111001001100111111001001
0200.jpg,01000000010011100000010000110000
0201.jpg,01000000010011100000010000110000
0202.jpg,11010000111100000100111100000000
0203.jpg,11010000111100000100111100000000
0204.jpg,10110010010111110000000110010101
0205.jpg,10110010010111110000000110010101
0206.jpg,00010001011110110000010000001100
0207.jpg,00010001011110110000010000001100
0208.jpg,00111000110100000111101111100101
0209.jpg,00111000110100000111101111100101
0210.jpg,11111000100011010100000011000100
0211.jpg,11111000100011010100000011000100
0212.jpg,01001100010010000000010100111100
0213.jpg,01001100010010000000010100111100
0214.jpg,10110100010100100010100011010011
0215.jpg,10110100010100100010100011010011
0216.jpg,01000000001110101001011000000000
0217.jpg,01000000001110101001011000000000
0218.jpg,00110001000010001011100110100000
0219.jpg,00110001000010001011100110100000
0220.jpg,11000010010110100111111100111010
0221.jpg,11000010010110100111111100111010
0222.jpg,00010000001110011100101100000001
0223.jpg,00010000001110011100101100000001
0224.jpg,10001110011000111101111001000000
0225.jpg,10001110011000111101111001000000
0226.jpg,10100000001111110000000001110000
0227.jpg,10100000001111110000000001110000
0228.jpg,10100000100110000110001100000000
0229.jpg,10100000100110000110001100000000
0230.jpg,00100101011010111011001001010110
0231.jpg,00100101011010111011001001010110
0232.jpg,01001000000100001011000000000111
0233.jpg,01001000000100001011000000000111
0234.jpg,11010011000101001101100100110101
0235.jpg,11010011000101001101100100110101
0236.jpg,00100000000111011011010001000000
0237.jpg,00100000000111011011010001000000
0238.jpg,00000000000001001001111111001000
0239.jpg,00000000000001001001111111001000
0240.jpg,10001100000111000000110101111100
0241.jpg,10001100000111000000110101111100
0242.jpg,10000101000001100111110100001100
0243.jpg,10000101000001100111110100001100
0244.jpg,10100001101111100101100100000101
0245.jpg,10100001101111100101100100000101
0246.jpg,11010101010000110101101100001011
0247.jpg,11010101010000110101101100001011
0248.jpg,00000000011001000011010000010101
0249.jpg,00000000011001000011010000010101
0250.jpg,00000000001110101110000000110000
0251.jpg,00000000001110101110000000110000
0252.jpg,00110111001110101111001111100011
0253.jpg,00110111001110101111001111100011
0254.jpg,01010111111000001110001100110101
0255.jpg,01010111111000001110001100110101
0256.jpg,00001011000001000011001010010000
0257.jpg,00001011000001000011001010010000
0258.jpg,00101100010001011100110010010101
0259.jpg,00101100010001011100110010010101
0260.jpg,01001011011100101010101000101100
0261.jpg,01001011011100101010101000101100
0262.jpg,01010110110101000110010000101000
0263.jpg,01010110110101000110010000101000
0264.jpg,01010000001100010000001000111000
0265.jpg,01010000001100010000001000111000
0266.jpg,00110111011111100110010000000000
0267.jpg,00110111011111100110010000000000
0268.jpg,00000000110011101001101000001100
0269.jpg,00000000110011101001101000001100
0270.jpg,00110000000010001111101111100000
0271.jpg,00110000000010001111101111100000
0272.jpg,00010010011100101100001010010010
0273.jpg,00010010011100101100001010010010
0274.jpg,11000011000100000001000000001001
0275.jpg,11000011000100000001000000001001
0276.jpg,00101001111000110001011110001101
0277.jpg,00101001111000110001011110001101
0278.jpg,01010001101000001111100000010101
0279.jpg,01010001101000001111100000010101
0280.jpg,01101100011111010011011110101110
0281.jpg,01101100011111010011011110101110
0282.jpg,00000111010111011110111000010110
0283.jpg,00000111010111011110111000010110
0284.jpg,10111001111101111101111000000000
0285.jpg,10111001111101111101111000000000
0286.jpg,10011100101100111100101010101100
0287.jpg,10011100101100111100101010101100
0288.jpg,01011001001110011101010111000110
0289.jpg,01011001001110011101010111000110
0290.jpg,11010000011110011111111000100110
0291.jpg,11010000011110011111111000100110
0292.jpg,00100110001001000010001100110101
0293.jpg,00100110001001000010001100110101
0294.jpg,10011001001010100001111001111100
0295.jpg,10011001001010100001111001111100
0296.jpg,00000000010101000000010000010100
0297.jpg,00000000010101000000010000010100
0298.jpg,00000000001111001111111100011010
0299.jpg,00000000001111001111111100011010
0300.jpg,01101110100000100101111000111101
0301.jpg,01101110100000100101111000111101
0302.jpg,11110001001101001011000000001110
0303.jpg,11110001001101001011000000001110
0304.jpg,01001011000001110001001000111000
0305.jpg,01001011000001110001001000111000
0306.jpg,11000111011011110111010010100110
0307.jpg,11000111011011110111010010100110
0308.jpg,11100000111011001001001101100110
0309.jpg,11100000111011001001001101100110
0310.jpg,00100100101011101110001111011011
0311.jpg,00100100101011101110001111011011
0312.jpg,10011000001000101000101101011110
0313.jpg,10011000001000101000101101011110
0314.jpg,10000110101001101100010101001110
0315.jpg,10000110101001101100010101001110
0316.jpg,00101110000001110110010001111010
0317.jpg,00101110000001110110010001111010
0318.jpg,00000000001100010001000000000010
0319.jpg,00000000001100010001000000000010
0320.jpg,00010001001111110001001101110001
0321.jpg,00010001001111110001001101110001
0322.jpg,00111100001010000010110001100100
0323.jpg,00111100001010000010110001100100
0324.jpg,00011100010000011010100101101100
0325.jpg,00011100010000011010100101101100
0326.jpg,11110001001000110010100100101000
0327.jpg,11110001001000110010100100101000
0328.jpg,00101101000110010000000000000000
0329.jpg,00101101000110010000000000000000
0330.jpg,00000100011100100011001000011100
0331.jpg,00000100011100100011001000011100
0332.jpg,00000000100010100000010000110100
0333.jpg,00000000100010100000010000110100
0334.jpg,01000000000010001110010001100000
0335.jpg,01000000000010001110010001100000
0336.jpg,01000010011010001101001100111110
0337.jpg,01000010011010001101001100111110
0338.jpg,00110111110110001011111110000000
0339.jpg,00110111110110001011111110000000
0340.jpg,01110011001110010000010110010000
0341.jpg,01110011001110010000010110010000
0342.jpg,10010001100000001010001110010111
0343.jpg,10010001100000001010001110010111
0344.jpg,10011111110011101110010001100010
0345.jpg,10011111110011101110010001100010
0346.jpg,01000011110111110011010001111000
0347.jpg,01000011110111110011010001111000
0348.jpg,00100000001101110000000000000100
0349.jpg,00100000001101110000000000000100
0350.jpg,00010000000100100000100100000000
0351.jpg,00010000000100100000100100000000
0352.jpg,10010100001110000000000000000000
0353.jpg,10010100001110000000000000000000
0354.jpg,00010010000101111110001111101010
0355.jpg,00010010000101111110001111101010
0356.jpg,10001100111111011010000010111101
0357.jpg,10001100111111011010000010111101
0358.jpg,00000011001000011101011101000111
0359.jpg,00000011001000011101011101000111
0360.jpg,11010000001101000100100000010000
0361.jpg,11010000001101000100100000010000
0362.jpg,10000101001000100110000001110101
0363.jpg,10000101001000100110000001110101
0364.jpg,10111100000100100010001000011000
0365.jpg,10111100000100100010001000011000
0366.jpg,10000000111100000001110000000001
0367.jpg,10000000111100000001110000000001
0368.jpg,00000000000000000101001000001100
0369.jpg,00000000000000000101001000001100
0370.jpg,00111110110010100010000011100010
0371.jpg,00111110110010100010000011100010
0372.jpg,00000000000100001111000000000000
0373.jpg,00000000000100001111000000000000
0374.jpg,00000000000000010110000100100100
0375.jpg,00000000000000010110000100100100
0376.jpg,00000000000000001100000001001000
0377.jpg,00000000000000001100000001001000
0378.jpg,11000010001100100111010111000001
0379.jpg,11000010001100100111010111000001
0380.jpg,01001110110111000100110111101011
0381.jpg,01001110110111000100110111101011
0382.jpg,01100000100011010110100011000101
0383.jpg,01100000100011010110100011000101
0384.jpg,11000011001100011010001101100110
0385.jpg,11000011001100011010001101100110
0386.jpg,01010100001000111100100111000011
0387.jpg,01010100001000111100100111000011
0388.jpg,00000000010010001001010011100011
0389.jpg,00000000010010001001010011100011
0390.jpg,00000000011001101100011100001000
0391.jpg,00000000011001101100011100001000
0392.jpg,11010100011110111001001111000111
0393.jpg,11010100011110111001001111000111
0394.jpg,10100100111101010110110111001111
0395.jpg,10100100111101010110110111001111
0396.jpg,00000011111110111111011110011110
0397.jpg,00000011111110111111011110011110
0398.jpg,01100010110010011100100000111000
0399.jpg,01100010110010011100100000111000
0400.jpg,01101100001010111001110100100101
0401.jpg,01101100001010111001110100100101
0402.jpg,00000001000001010110101101101000
0403.jpg,00000001000001010110101101101000
0404.jpg,01101100000001000000000100001100
0405.jpg,01101100000001000000000100001100
0406.jpg,00111010001001000010111111011100
0407.jpg,00111010001001000010111111011100
0408.jpg,00101011111011011000110011100100
0409.jpg,00101011111011011000110011100100
0410.jpg,01010010011010000001100011111000
0411.jpg,01010010011010000001100011111000
0412.jpg,00000000100100011001011011001110
0413.jpg,00000000100100011001011011001110
0414.jpg,00000000011110011100010110000000
0415.jpg,00000000011110011100010110000000
0416.jpg,10100110001100000101100011000111
0417.jpg,10100110001100000101100011000111
0418.jpg,10001011101010111001010001001101
0419.jpg,10001011101010111001010001001101
0420.jpg,00000101000000110001000000001000
0421.jpg,00000101000000110001000000001000
0422.jpg,11001000010111110111110010100111
0423.jpg,11001000010111110111110010100111
0424.jpg,00000000000100000000000010111101
0425.jpg,00000000000100000000000010111101
0426.jpg,11010110001100100010011000010000
0427.jpg,11010110001100100010011000010000
0428.jpg,10101010001100111001100001001011
0429.jpg,10101010001100111001100001001011
0430.jpg,01010011111100010001001100100000
0431.jpg,01010011111100010001001100100000
0432.jpg,01000110111001100010101000000110
0433.jpg,01000110111001100010101000000110
0434.jpg,11010001101011000101011010111111
0435.jpg,11010001101011000101011010111111
0436.jpg,11101000111111010100000111010010
0437.jpg,11101000111111010100000111010010
0438.jpg,11110101110101100001100101010000
0439.jpg,11110101110101100001100101010000
0440.jpg,10110110000110111001011110010011
0441.jpg,10110110000110111001011110010011
0442.jpg,00100010000000000000110000000000
0443.jpg,00100010000000000000110000000000
0444.jpg,00110011011010101110110111011000
0445.jpg,00110011011010101110110111011000
0446.jpg,00011010100010101011111101000010
0447.jpg,00011010100010101011111101000010
0448.jpg,00110010011101000101010010111111
0449.jpg,00110010011101000101010010111111
0450.jpg,00000000110000000110000000000100
0451.jpg,00000000110000000110000000000100
0452.jpg,01110100001100111100111010001011
0453.jpg,01110100001100111100111010001011
0454.jpg,00100000011010011000101110111001
0455.jpg,00100000011010011000101110111001
0456.jpg,00100110011111111110011000111001
0457.jpg,00100110011111111110011000111001
0458.jpg,01010100111101001110111011001110
0459.jpg,01010100111101001110111011001110
0460.jpg,11110000001010101011011110000101
0461.jpg,11110000001010101011011110000101
0462.jpg,01101110110011000001100011110000
0463.jpg,01101110110011000001100011110000
0464.jpg,01101001101101110100000001101110
0465.jpg,01101001101101110100000001101110
0466.jpg,11110001001111001100101110100000
0467.jpg,11110001001111001100101110100000
0468.jpg,10000111001000000101100100100011
0469.jpg,10000111001000000101100100100011
0470.jpg,00000101001100110110010111001101
0471.jpg,00000101001100110110010111001101
0472.jpg,00101111000011010100001000100000
0473.jpg,00101111000011010100001000100000
0474.jpg,10101100111100111011110101100110
0475.jpg,10101100111100111011110101100110
0476.jpg,11011100001100000100110001101011
0477.jpg,11011100001100000100110001101011
0478.jpg,01011100011111101010101010101000
0479.jpg,01011100011111101010101010101000
0480.jpg,00111110011000111111111001010000
0481.jpg,00111110011000111111111001010000
0482.jpg,10001101000011110001101100100000
0483.jpg,10001101000011110001101100100000
0484.jpg,00110100000001110010100011000000
0485.jpg,00110100000001110010100011000000
0486.jpg,11111000001111001010010111010100
0487.jpg,11111000001111001010010111010100
0488.jpg,00111000010101001010000111111000
0489.jpg,00111000010101001010000111111000
0490.jpg,10101101101001101010101110100000
0491.jpg,10101101101001101010101110100000
0492.jpg,10111111010011100111100001011110
0493.jpg,10111111010011100111100001011110
0494.jpg,00000000000010011001100111000001
0495.jpg,00000000000010011001100111000001
0496.jpg,00000000000011000001010000000100
0497.jpg,00000000000011000001010000000100
0498.jpg,11100110001111010011010011101101
0499.jpg,11100110001111010011010011101101
0500.jpg,00100011110001010111100011000010
0501.jpg,00100011110001010111100011000010
0502.jpg,10010001110101001100010000110100
0503.jpg,10010001110101001100010000110100
0504.jpg,00100101011101001110110000010110
0505.jpg,00100101011101001110110000010110
0506.jpg,00001001001000010001100000101000
0507.jpg,00001001001000010001100000101000
0508.jpg,11001100101110100000000100000000
0509.jpg,11001100101110100000000100000000
0510.jpg,10000010000010010101001011110001
0511.jpg,10000010000010010101001011110001
0512.jpg,11011001000011000000111100110000
0513.jpg,11011001000011000000111100110000
0514.jpg,11001111101101001001110010101010
0515.jpg,11001111101101001001110010101010
0516.jpg,00010000110101111111100001100110
0517.jpg,00010000110101111111100001100110
0518.jpg,10111110000011101011000000100010
0519.jpg,10111110000011101011000000100010
0520.jpg,00000000001000100001101100111011
0521.jpg,00000000001000100001101100111011
0522.jpg,01010000000110000110100000010111
0523.jpg,01010000000110000110100000010111
0524.jpg,11111100101100001110101001010111
0525.jpg,11111100101100001110101001010111
0526.jpg,00001001000110100101110111110111
0527.jpg,00001001000110100101110111110111
0528.jpg,00000000001111000001010000000000
0529.jpg,00000000001111000001010000000000
0530.jpg,00001010000001111100110000110100
0531.jpg,00001010000001111100110000110100
0532.jpg,11011010110110001111011010111100
0533.jpg,11011010110110001111011010111100
0534.jpg,00000000000000110000011100000000
0535.jpg,00000000000000110000011100000000
0536.jpg,00000000001011011011110110011001
0537.jpg,00000000001011011011110110011001
0538.jpg,00001100001110010100100001101111
0539.jpg,00001100001110010100100001101111
0540.jpg,10111110001110000000111100000100
0541.jpg,10111110001110000000111100000100
0542.jpg,10000000101011100010010001110100
0543.jpg,10000000101011100010010001110100
0544.jpg,00000000001101100100000001110000
0545.jpg,00000000001101100100000001110000
0546.jpg,11010110111001001000010011101111
0547.jpg,11010110111001001000010011101111
0548.jpg,10101100101111101101011101100101
0549.jpg,10101100101111101101011101100101
0550.jpg,00000000101100000000111000000100
0551.jpg,00000000101100000000111000000100
0552.jpg,00100100011110000010000011111000
0553.jpg,00100100011110000010000011111000
0554.jpg,11010001000010000110110001000000
0555.jpg,11010001000010000110110001000000
0556.jpg,00100110011000000000110111000100
0557.jpg,00100110011000000000110111000100
0558.jpg,01101110100010100011001000010001
0559.jpg,01101110100010100011001000010001
0560.jpg,11100000010100000100001000000000
0561.jpg,11100000010100000100001000000000
0562.jpg,00001011010111010110100001110000
0563.jpg,00001011010111010110100001110000
0564.jpg,10100000011011001100000101011001
0565.jpg,10100000011011001100000101011001
0566.jpg,01001010000011001000001100110000
0567.jpg,01001010000011001000001100110000
0568.jpg,10101101101000010100001101000010
0569.jpg,10101101101000010100001101000010
0570.jpg,11000101100101101100110010100100
0571.jpg,11000101100101101100110010100100
0572.jpg,00001000101100110100010000111100
0573.jpg,00001000101100110100010000111100
0574.jpg,11011001010001000000110001111011
0575.jpg,11011001010001000000110001111011
0576.jpg,00000000101001011100010100001001
0577.jpg,00000000101001011100010100001001
0578.jpg,00110000010101000011001001000100
0579.jpg,00110000010101000011001001000100
0580.jpg,01111100101011111011011001101011
0581.jpg,01111100101011111011011001101011
0582.jpg,11001010000000010100011111101000
0583.jpg,11001010000000010100011111101000
0584.jpg,00111100011010110010110110010101
0585.jpg,00111100011010110010110110010101
0586.jpg,11011100110000100011101001101001
0587.jpg,11011100110000100011101001101001
0588.jpg,10000000110101001101111111011001
0589.jpg,10000000110101001101111111011001
0590.jpg,00111010011001001100110111001000
0591.jpg,00111010011001001100110111001000
0592.jpg,01000000111010110000000000100000
0593.jpg,01000000111010110000000000100000
0594.jpg,11110110011011100010001000000001
0595.jpg,11110110011011100010001000000001
0596.jpg,11111111110101101101000001000000
0597.jpg,11111111110101101101000001000000
0598.jpg,00111101011101100011001100010000
0599.jpg,00111101011101100011001100010000
0600.jpg,00111101101001000001110000000000
0601.jpg,00111101101001000001110000000000
0602.jpg,11000000001001000111110011110111
0603.jpg,11000000001001000111110011110111
0604.jpg,00110000010111001100000000000001
0605.jpg,00110000010111001100000000000001
0606.jpg,00011011100000000101010010010101
0607.jpg,00011011100000000101010010010101
0608.jpg,00010000000000000011111100110001
0609.jpg,00010000000000000011111100110001
0610.jpg,00001001010011100101100010000010
0611.jpg,00001001010011100101100010000010
0612.jpg,00010000101010001100011100100000
0613.jpg,00010000101010001100011100100000
0614.jpg,00011000001000101111010000000000
0615.jpg,00011000001000101111010000000000
0616.jpg,00000001001010001001000000110000
0617.jpg,00000001001010001001000000110000
0618.jpg,00110001011100001100000000001100
0619.jpg,00110001011100001100000000001100
0620.jpg,01111111010011011011111100110100
0621.jpg,01111111010011011011111100110100
0622.jpg,00101110000101001001111111110111
0623.jpg,00101110000101001001111111110111
0624.jpg,10110001001000100110101111110110
0625.jpg,10110001001000100110101111110110
0626.jpg,00000000101100000001000100000000
0627.jpg,00000000101100000001000100000000
0628.jpg,11010100001001011011101000000000
0629.jpg,11010100001001011011101000000000
0630.jpg,11011110110111101101100100000000
0631.jpg,11011110110111101101100100000000
0632.jpg,10110011010010100001010000110100
0633.jpg,10110011010010100001010000110100
0634.jpg,11000111111110111000100010100011
0635.jpg,11000111111110111000100010100011
0636.jpg,11010100101111101000100011000001
0637.jpg,11010100101111101000100011000001
0638.jpg,11010100110101101000110100001111
0639.jpg,11010100110101101000110100001111
0640.jpg,01010100111100101000001001000011
0641.jpg,01010100111100101000001001000011
0642.jpg,00011000110101000111000111000101
0643.jpg,00011000110101000111000111000101
0644.jpg,00001001001100100011110111010101
0645.jpg,00001001001100100011110111010101
0646.jpg,10111110101010000101110111110010
0647.jpg,10111110101010000101110111110010
0648.jpg,11010001001111000101110001111101
0649.jpg,11010001001111000101110001111101
0650.jpg,11111111110111101010011011100110
0651.jpg,11111111110111101010011011100110
0652.jpg,01011000010010001011001101001011
0653.jpg,01011000010010001011001101001011
0654.jpg,01001100010001000001000100100011
0655.jpg,01001100010001000001000100100011
0656.jpg,00001110101110101111010000111010
0657.jpg,00001110101110101111010000111010
0658.jpg,00001101000011101000011101000000
0659.jpg,00001101000011101000011101000000
0660.jpg,00101000101000110011010100001100
0661.jpg,00101000101000110011010100001100
0662.jpg,10100000111010000110111100100110
0663.jpg,10100000111010000110111100100110
0664.jpg,10101110111100000000001101101110
0665.jpg,10101110111100000000001101101110
0666.jpg,01100010001011000001010010110110
0667.jpg,01100010001011000001010010110110
0668.jpg,00001111100110110111010101010111
0669.jpg,00001111100110110111010101010111
0670.jpg,10010110001100001110001011101001
0671.jpg,10010110001100001110001011101001
0672.jpg,11101101000010111001000010100110
0673.jpg,11101101000010111001000010100110
0674.jpg,11111100101001000000111100110111
0675.jpg,11111100101001000000111100110111
0676.jpg,11110000010000000101000000101000
0677.jpg,11110000010000000101000000101000
0678.jpg,01000011100100100000001000001100
0679.jpg,01000011100100100000001000001100
0680.jpg,00000001000010110000000001100000
0681.jpg,00000001000010110000000001100000
0682.jpg,00000000101011010010000110110000
0683.jpg,00000000101011010010000110110000
0684.jpg,00000000001101110110110000101000
0685.jpg,00000000001101110110110000101000
0686.jpg,10011101011110010000110100000101
0687.jpg,10011101011110010000110100000101
0688.jpg,11100000101111001110000111100101
0689.jpg,11100000101111001110000111100101
0690.jpg,00010000000010100111101110101001
0691.jpg,00010000000010100111101110101001
0692.jpg,10010011011010011110100000011100
0693.jpg,10010011011010011110100000011100
0694.jpg,11100000001111101101001110010110
0695.jpg,11100000001111101101001110010110
0696.jpg,01010110001101000101110010111111
0697.jpg,01010110001101000101110010111111
0698.jpg,00100011011001101001011000111010
0699.jpg,00100011011001101001011000111010
0700.jpg,00000000000000000000110101000001
0701.jpg,00000000000000000000110101000001
0702.jpg,01000000011101001010010000010011
0703.jpg,01000000011101001010010000010011
0704.jpg,00101110000111110101011100010001
0705.jpg,00101110000111110101011100010001
0706.jpg,00000100110111111011000011101110
0707.jpg,00000100110111111011000011101110
0708.jpg,00001011000011001100000000000000
0709.jpg,00001011000011001100000000000000
0710.jpg,00000000000010010000111000000000
0711.jpg,00000000000010010000111000000000
0712.jpg,10110011111100101001011001110100
0713.jpg,10110011111100101001011001110100
0714.jpg,00000000100101100011111101100010
0715.jpg,00000000100101100011111101100010
0716.jpg,00111001100100111100000101111111
0717.jpg,00111001100100111100000101111111
0718.jpg,10000110011000111110111000111101
0719.jpg,10000110011000111110111000111101
0720.jpg,01010001100010100100100010100111
0721.jpg,01010001100010100100100010100111
0722.jpg,01101110101111010001000001110100
0723.jpg,01101110101111010001000001110100
0724.jpg,01101000000010001100001101101000
0725.jpg,01101000000010001100001101101000
0726.jpg,11110011100000000100100011101111
0727.jpg,11110011100000000100100011101111
0728.jpg,01111111110010001000110000111000
0729.jpg,01111111110010001000110000111000
0730.jpg,00000000001101001110011000011111
0731.jpg,00000000001101001110011000011111
0732.jpg,00011001100111010100111001000000
0733.jpg,00011001100111010100111001000000
0734.jpg,10000001101101111010000000101110
0735.jpg,10000001101101111010000000101110
0736.jpg,10111101011000011001010011101010
0737.jpg,10111101011000011001010011101010
0738.jpg,00001000100011100100110100101000
0739.jpg,00001000100011100100110100101000
0740.jpg,00000011110011110010100000001111
0741.jpg,00000011110011110010100000001111
0742.jpg,10001101010000101111100000000000
0743.jpg,10001101010000101111100000000000
0744.jpg,00000000000000000000000000000000
0745.jpg,00000000000000000000000000000000
0746.jpg,00000000000000000000100000000100
0747.jpg,00000000000000000000100000000100
0748.jpg,00011100000111000000100000001100
0749.jpg,00011100000111000000100000001100
0750.jpg,10000001011000100110011100110000
0751.jpg,10000001011000100110011100110000
0752.jpg,01101111100001100001001010101000
0753.jpg,01101111100001100001001010101000
0754.jpg,00000000000000001100000001000101
0755.jpg,00000000000000001100000001000101
0756.jpg,10000011010010100100000000001110
0757.jpg,10000011010010100100000000001110
0758.jpg,01010011100100110010111000000010
0759.jpg,01010011100100110010111000000010
0760.jpg,11110100001001010001001000000101
0761.jpg,11110100001001010001001000000101
0762.jpg,11110001000010010011000000000000
0763.jpg,11110001000010010011000000000000
0764.jpg,11000001010011000110100101100010
0765.jpg,11000001010011000110100101100010
0766.jpg,00000001000000000000000000000000
0767.jpg,00000001000000000000000000000000
0768.jpg,00000000000010000000110000000011
0769.jpg,00000000000010000000110000000011
0770.jpg,00000000110100010010011000000000
0771.jpg,00000000110100010010011000000000
0772.jpg,10010100101001101010011101110100
0773.jpg,10010100101001101010011101110100
0774.jpg,00000000001000100000000000010000
0775.jpg,00000000001000100000000000010000
0776.jpg,01100000010000101100000000000000
0777.jpg,01100000010000101100000000000000
0778.jpg,11001100101001101101001100011111
0779.jpg,11001100101001101101001100011111
0780.jpg,01101010100000100101100001101100
0781.jpg,01101010100000100101100001101100
0782.jpg,10111010111001100000100000000011
0783.jpg,10111010111001100000100000000011
0784.jpg,01001001001110101110010100100010
0785.jpg,01001001001110101110010100100010
0786.jpg,00000000100000000000100000000000
0787.jpg,00000000100000000000100000000000
0788.jpg,00001101101001001100000000111000
0789.jpg,00001101101001001100000000111000
0790.jpg,00000000001000100111110100000000
0791.jpg,00000000001000100111110100000000
0792.jpg,01100000111010001100001000100010
0793.jpg,01100000111010001100001000100010
0794.jpg,00111100010101110110111010000000
0795.jpg,00111100010101110110111010000000
0796.jpg,01111101011100111101000001111000
0797.jpg,01111101011100111101000001111000
0798.jpg,10100000000000000010100010000011
0799.jpg,10100000000000000010100010000011
0800.jpg,00110001001000000000011000101111
0801.jpg,00110001001000000000011000101111
0802.jpg,01110110110001110001110001001011
0803.jpg,01110110110001110001110001001011
0804.jpg,00011110110000110011000010011111
0805.jpg,00011110110000110011000010011111
0806.jpg,01000010010100111001010111010011
0807.jpg,01000010010100111001010111010011
0808.jpg,11010110001001001001010111111001
0809.jpg,11010110001001001001010111111001
0810.jpg,00010101011101101011000100001010
0811.jpg,00010101011101101011000100001010
0812.jpg,00110011011110000001000011110000
0813.jpg,00110011011110000001000011110000
0814.jpg,11001010110111010010111000001000
0815.jpg,11001010110111010010111000001000
0816.jpg,00000000001000010011100100100011
0817.jpg,00000000001000010011100100100011
0818.jpg,11001010110000111100000010110001
0819.jpg,11001010110000111100000010110001
0820.jpg,11100100000000001000001000010001
0821.jpg,11100100000000001000001000010001
0822.jpg,11011001001010010101000000110000
0823.jpg,11011001001010010101000000110000
0824.jpg,11011011010111010111111001110010
0825.jpg,11011011010111010111111001110010
0826.jpg,00010010101100010010011101000100
0827.jpg,00010010101100010010011101000100
0828.jpg,00000000010001000011000000000000
0829.jpg,00000000010001000011000000000000
0830.jpg,11000001010100001010010000111100
0831.jpg,11000001010100001010010000111100
0832.jpg,10000000000110001101011111001000
0833.jpg,10000000000110001101011111001000
0834.jpg,10110001110010110011101000001000
0835.jpg,10110001110010110011101000001000
0836.jpg,11101111011010111000011111100111
0837.jpg,11101111011010111000011111100111
0838.jpg,10100000110000000000110101011000
0839.jpg,10100000110000000000110101011000
0840.jpg,11001011001110000101001010111101
0841.jpg,11001011001110000101001010111101
0842.jpg,00010100000000101110010110101000
0843.jpg,00010100000000101110010110101000
0844.jpg,00001010000100110001100111110100
0845.jpg,00001010000100110001100111110100
0846.jpg,10101011010010001011000110000000
0847.jpg,10101011010010001011000110000000
0848.jpg,00110011101011010001110111111001
0849.jpg,00110011101011010001110111111001
0850.jpg,11000111001100110100011001001100
0851.jpg,11000111001100110100011001001100
0852.jpg,00000100001000000011110000000000
0853.jpg,00000100001000000011110000000000
0854.jpg,00000000010100000000100101010001
0855.jpg,00000000010100000000100101010001
0856.jpg,01011111001101100001111111000010
0857.jpg,01011111001101100001111111000010
0858.jpg,00000000001100010101110100111000
0859.jpg,00000000001100010101110100111000
0860.jpg,00000000001100001011000101110000
0861.jpg,00000000001100001011000101110000
0862.jpg,00000000010101111101011010110101
0863.jpg,00000000010101111101011010110101
0864.jpg,01000101001001010011111110010111
0865.jpg,01000101001001010011111110010111
0866.jpg,00000101011001000111111100011110
0867.jpg,00000101011001000111111100011110
0868.jpg,00111110011110100100110011101011
0869.jpg,00111110011110100100110011101011
0870.jpg,00001001100100110011100000000000
0871.jpg,00001001100100110011100000000000
0872.jpg,00000011100000110101101001111101
0873.jpg,00000011100000110101101001111101
0874.jpg,10111001111111100010101000000000
0875.jpg,10111001111111100010101000000000
0876.jpg,00000111000000000000000000001000
0877.jpg,00000111000000000000000000001000
0878.jpg,00110000101000001101100000001101
0879.jpg,00110000101000001101100000001101
0880.jpg,11000000010101011111101010100000
0881.jpg,11000000010101011111101010100000
0882.jpg,11111100100101001000101101010100
0883.jpg,11111100100101001000101101010100
0884.jpg,00000000111101000001010001101101
0885.jpg,00000000111101000001010001101101
0886.jpg,00110100100010001100001100000000
0887.jpg,00110100100010001100001100000000
0888.jpg,00000000001000000101010000000000
0889.jpg,00000000001000000101010000000000
0890.jpg,00011110011111101100011000000000
0891.jpg,00011110011111101100011000000000
0892.jpg,00000000011100001100000000001100
0893.jpg,00000000011100001100000000001100
0894.jpg,11000000000000000110110001001011
0895.jpg,11000000000000000110110001001011
0896.jpg,00001110011111010111010000101000
0897.jpg,00001110011111010111010000101000
0898.jpg,00100000001111100000000000000000
0899.jpg,00100000001111100000000000000000
0900.jpg,00000101000000000000010000000000
0901.jpg,00000101000000000000010000000000
0902.jpg,00001100000001000010100000110000
0903.jpg,00001100000001000010100000110000
0904.jpg,00001010000011110001111010100001
0905.jpg,00001010000011110001111010100001
0906.jpg,10110010000110100000101110011001
0907.jpg,10110010000110100000101110011001
0908.jpg,00000000101110000010101001001101
0909.jpg,00000000101110000010101001001101
0910.jpg,10011000010011000101000101010000
0911.jpg,10011000010011000101000101010000
0912.jpg,00001100110110110100011000100000
0913.jpg,00001100110110110100011000100000
0914.jpg,01010010001010010011111100011101
0915.jpg,01010010001010010011111100011101
0916.jpg,10100101010100101010101100011010
0917.jpg,10100101010100101010101100011010
0918.jpg,11011101000011111011101111100011
0919.jpg,11011101000011111011101111100011
0920.jpg,11110001100011111110001100001100
0921.jpg,11110001100011111110001100001100
0922.jpg,00000101000101010100010011001011
0923.jpg,00000101000101010100010011001011
0924.jpg,11010110001101101110110011010001
0925.jpg,11010110001101101110110011010001
0926.jpg,11000110101100101111000100010111
0927.jpg,11000110101100101111000100010111
0928.jpg,00100000100111001011010010000000
0929.jpg,00100000100111001011010010000000
0930.jpg,11000000011111001111000111111100
0931.jpg,11000000011111001111000111111100
0932.jpg,01111110011010101111010111011110
0933.jpg,01111110011010101111010111011110
0934.jpg,11100100010000000000000101011000
0935.jpg,11100100010000000000000101011000
0936.jpg,00000000111001110101110111100100
0937.jpg,00000000111001110101110111100100
0938.jpg,01100100100110111000000001000010
0939.jpg,01100100100110111000000001000010
0940.jpg,00000001000000110010000011110011
0941.jpg,00000001000000110010000011110011
0942.jpg,00000000110000001100000000010000
0943.jpg,00000000110000001100000000010000
0944.jpg,00000000001000110000000000000000
0945.jpg,00000000001000110000000000000000
0946.jpg,00000000000001000000000000000000
0947.jpg,00000000000001000000000000000000
0948.jpg,10110010000101010001000010101111
0949.jpg,10110010000101010001000010101111
0950.jpg,01111110011101111101010100000101
0951.jpg,01111110011101111101010100000101
0952.jpg,10111101010010010001011011100001
0953.jpg,10111101010010010001011011100001
0954.jpg,00000000111110000010010111010000
0955.jpg,00000000111110000010010111010000
0956.jpg,01110111010100001000101100000000
0957.jpg,01110111010100001000101100000000
0958.jpg,01010110000011011101100001000001
0959.jpg,01010110000011011101100001000001
0960.jpg,00000101000000101111000000011000
0961.jpg,00000101000000101111000000011000
0962.jpg,00000000000100110011100010000000
0963.jpg,00000000000100110011100010000000
0964.jpg,00111100001011001001110110000010
0965.jpg,00111100001011001001110110000010
0966.jpg,10000000000000000001001000000000
0967.jpg,10000000000000000001001000000000
0968.jpg,10000100011100000011000000000000
0969.jpg,10000100011100000011000000000000
0970.jpg,11101001111101001110010011101101
0971.jpg,11101001111101001110010011101101
0972.jpg,00000011101110010001000000001011
0973.jpg,00000011101110010001000000001011
0974.jpg,01010101100001001000000100100011
0975.jpg,01010101100001001000000100100011
0976.jpg,00001100001000100101010100110011
0977.jpg,00001100001000100101010100110011
0978.jpg,00111101000101000101010010110100
0979.jpg,00111101000101000101010010110100
0980.jpg,00000000000101111111100000000000
0981.jpg,00000000000101111111100000000000
0982.jpg,01010111110111100011110010010101
0983.jpg,01010111110111100011110010010101
0984.jpg,00000000001011000000010000001111
0985.jpg,00000000001011000000010000001111
0986.jpg,11000000111010100000100000101000
0987.jpg,11000000111010100000100000101000
0988.jpg,00001100000000001100011100110100
0989.jpg,00001100000000001100011100110100
0990.jpg,00000001001000111100000111110000
0991.jpg,00000001001000111100000111110000
0992.jpg,11100000010000000110111000100000
0993.jpg,11100000010000000110111000100000
0994.jpg,00000000101000011101111101001100
0995.jpg,00000000101000011101111101001100
0996.jpg,01011001110111010110000111010100
0997.jpg,01011001110111010110000111010100
0998.jpg,00000000101000111110111111101000
0999.jpg,00000000101000111110111111101000
1000.jpg,00101100000100111110110111010011
1001.jpg,00101100000100111110110111010011
1002.jpg,11110111010011010010110100000000
1003.jpg,11110111010011010010110100000000
1004.jpg,10100000000100000000000000000010
1005.jpg,10100000000100000000000000000010
1006.jpg,11001100001100001010110001101011
1007.jpg,11001100001100001010110001101011
1008.jpg,01110011000011111101000011111011
1009.jpg,01110011000011111101000011111011
1010.jpg,00000111100100010001010000000111
1011.jpg,00000111100100010001010000000111
1012.jpg,11010100100001100000010001010000
1013.jpg,11010100100001100000010001010000
1014.jpg,00111100111010110011000010110100
1015.jpg,00111100111010110011000010110100
1016.jpg,00000000000001011010100100001100
1017.jpg,00000000000001011010100100001100
1018.jpg,00000000000011101111000001010000
1019.jpg,00000000000011101111000001010000
1020.jpg,01100000101000000010110000000000
1021.jpg,01100000101000000010110000000000
1022.jpg,01010010100010000110011111010111
1023.jpg,01010010100010000110011111010111
1024.jpg,00000000010011100001000000110000
1025.jpg,00000000010011100001000000110000
1026.jpg,10001101110000111000010000000000
1027.jpg,10001101110000111000010000000000
1028.jpg,11100011110110011001001000000010
1029.jpg,11100011110110011001001000000010
1030.jpg,11010100110111000010011111000110
1031.jpg,11010100110111000010011111000110
1032.jpg,00000000000011111001010001101101
1033.jpg,00000000000011111001010001101101
1034.jpg,00011011000001111010111001000100
1035.jpg,00011011000001111010111001000100
1036.jpg,01000111101111001011110101001101
1037.jpg,01000111101111001011110101001101
1038.jpg,10011011001100000000000000010000
1039.jpg,10011011001100000000000000010000
